file,line,type,commit,author,date,time,timezone,datetime,depth,length
style.css,1,css,1aa85c2f,Alice,2025-04-29,03:11:19,-07:00,2025-04-29T03:11:19-07:00,0,5
style.css,2,css,1aa85c2f,Alice,2025-04-29,03:11:19,-07:00,2025-04-29T03:11:19-07:00,0,24
style.css,3,css,cdbcbc4b,Alice,2025-04-29,04:28:38,-07:00,2025-04-29T04:28:38-07:00,0,32
style.css,4,css,1aa85c2f,Alice,2025-04-29,03:11:19,-07:00,2025-04-29T03:11:19-07:00,0,0
style.css,5,css,0b1a9f81,Alice,2025-04-16,22:53:10,-07:00,2025-04-16T22:53:10-07:00,0,5
style.css,6,css,0b1a9f81,Alice,2025-04-16,22:53:10,-07:00,2025-04-16T22:53:10-07:00,0,24
style.css,7,css,cdbcbc4b,Alice,2025-04-29,04:28:38,-07:00,2025-04-29T04:28:38-07:00,0,17
style.css,8,css,cdbcbc4b,Alice,2025-04-29,04:28:38,-07:00,2025-04-29T04:28:38-07:00,0,24
style.css,9,css,a708b21a,Alice,2025-04-19,22:56:23,-07:00,2025-04-19T22:56:23-07:00,0,16
style.css,10,css,a708b21a,Alice,2025-04-19,22:56:23,-07:00,2025-04-19T22:56:23-07:00,0,43
style.css,11,css,a708b21a,Alice,2025-04-19,22:56:23,-07:00,2025-04-19T22:56:23-07:00,0,15
style.css,12,css,74f6adad,Alice,2025-04-19,23:30:01,-07:00,2025-04-19T23:30:01-07:00,0,33
style.css,13,css,445562e4,Alice,2025-04-19,23:03:25,-07:00,2025-04-19T23:03:25-07:00,0,0
style.css,14,css,445562e4,Alice,2025-04-19,23:03:25,-07:00,2025-04-19T23:03:25-07:00,0,4
style.css,15,css,445562e4,Alice,2025-04-19,23:03:25,-07:00,2025-04-19T23:03:25-07:00,0,15
style.css,16,css,445562e4,Alice,2025-04-19,23:03:25,-07:00,2025-04-19T23:03:25-07:00,0,12
style.css,17,css,445562e4,Alice,2025-04-19,23:03:25,-07:00,2025-04-19T23:03:25-07:00,0,14
style.css,18,css,445562e4,Alice,2025-04-19,23:03:25,-07:00,2025-04-19T23:03:25-07:00,0,16
style.css,19,css,445562e4,Alice,2025-04-19,23:03:25,-07:00,2025-04-19T23:03:25-07:00,0,0
style.css,20,css,445562e4,Alice,2025-04-19,23:03:25,-07:00,2025-04-19T23:03:25-07:00,0,4
style.css,21,css,1aa85c2f,Alice,2025-04-29,03:11:19,-07:00,2025-04-29T03:11:19-07:00,0,40
style.css,22,css,cdbcbc4b,Alice,2025-04-29,04:28:38,-07:00,2025-04-29T04:28:38-07:00,0,44
style.css,23,css,cdbcbc4b,Alice,2025-04-29,04:28:38,-07:00,2025-04-29T04:28:38-07:00,0,21
style.css,24,css,1aa85c2f,Alice,2025-04-29,03:11:19,-07:00,2025-04-29T03:11:19-07:00,0,0
style.css,25,css,445562e4,Alice,2025-04-19,23:03:25,-07:00,2025-04-19T23:03:25-07:00,0,13
style.css,26,css,445562e4,Alice,2025-04-19,23:03:25,-07:00,2025-04-19T23:03:25-07:00,0,15
style.css,27,css,1aa85c2f,Alice,2025-04-29,03:11:19,-07:00,2025-04-29T03:11:19-07:00,0,9
style.css,28,css,74f6adad,Alice,2025-04-19,23:30:01,-07:00,2025-04-19T23:30:01-07:00,0,17
style.css,29,css,445562e4,Alice,2025-04-19,23:03:25,-07:00,2025-04-19T23:03:25-07:00,0,0
style.css,30,css,74f6adad,Alice,2025-04-19,23:30:01,-07:00,2025-04-19T23:30:01-07:00,0,0
style.css,31,css,445562e4,Alice,2025-04-19,23:03:25,-07:00,2025-04-19T23:03:25-07:00,0,6
style.css,32,css,74f6adad,Alice,2025-04-19,23:30:01,-07:00,2025-04-19T23:30:01-07:00,0,7
style.css,33,css,74f6adad,Alice,2025-04-19,23:30:01,-07:00,2025-04-19T23:30:01-07:00,0,18
style.css,34,css,74f6adad,Alice,2025-04-19,23:30:01,-07:00,2025-04-19T23:30:01-07:00,0,21
style.css,35,css,74f6adad,Alice,2025-04-19,23:30:01,-07:00,2025-04-19T23:30:01-07:00,0,14
style.css,36,css,74f6adad,Alice,2025-04-19,23:30:01,-07:00,2025-04-19T23:30:01-07:00,0,16
style.css,37,css,cdbcbc4b,Alice,2025-04-29,04:28:38,-07:00,2025-04-29T04:28:38-07:00,0,50
style.css,38,css,445562e4,Alice,2025-04-19,23:03:25,-07:00,2025-04-19T23:03:25-07:00,0,0
style.css,39,css,74f6adad,Alice,2025-04-19,23:30:01,-07:00,2025-04-19T23:30:01-07:00,0,0
style.css,40,css,445562e4,Alice,2025-04-19,23:03:25,-07:00,2025-04-19T23:03:25-07:00,0,12
style.css,41,css,cdbcbc4b,Alice,2025-04-29,04:28:38,-07:00,2025-04-29T04:28:38-07:00,0,70
style.css,42,css,cdbcbc4b,Alice,2025-04-29,04:28:38,-07:00,2025-04-29T04:28:38-07:00,0,41
style.css,43,css,74f6adad,Alice,2025-04-19,23:30:01,-07:00,2025-04-19T23:30:01-07:00,0,46
style.css,44,css,74f6adad,Alice,2025-04-19,23:30:01,-07:00,2025-04-19T23:30:01-07:00,0,21
style.css,45,css,74f6adad,Alice,2025-04-19,23:30:01,-07:00,2025-04-19T23:30:01-07:00,0,0
style.css,46,css,74f6adad,Alice,2025-04-19,23:30:01,-07:00,2025-04-19T23:30:01-07:00,0,0
style.css,47,css,74f6adad,Alice,2025-04-19,23:30:01,-07:00,2025-04-19T23:30:01-07:00,0,14
style.css,48,css,74f6adad,Alice,2025-04-19,23:30:01,-07:00,2025-04-19T23:30:01-07:00,0,44
style.css,49,css,74f6adad,Alice,2025-04-19,23:30:01,-07:00,2025-04-19T23:30:01-07:00,0,21
style.css,50,css,74f6adad,Alice,2025-04-19,23:30:01,-07:00,2025-04-19T23:30:01-07:00,0,0
style.css,51,css,74f6adad,Alice,2025-04-19,23:30:01,-07:00,2025-04-19T23:30:01-07:00,0,0
style.css,52,css,74f6adad,Alice,2025-04-19,23:30:01,-07:00,2025-04-19T23:30:01-07:00,0,11
style.css,53,css,74f6adad,Alice,2025-04-19,23:30:01,-07:00,2025-04-19T23:30:01-07:00,0,13
style.css,54,css,74f6adad,Alice,2025-04-19,23:30:01,-07:00,2025-04-19T23:30:01-07:00,0,30
style.css,55,css,74f6adad,Alice,2025-04-19,23:30:01,-07:00,2025-04-19T23:30:01-07:00,0,0
style.css,56,css,74f6adad,Alice,2025-04-19,23:30:01,-07:00,2025-04-19T23:30:01-07:00,0,0
style.css,57,css,74f6adad,Alice,2025-04-19,23:30:01,-07:00,2025-04-19T23:30:01-07:00,0,5
style.css,58,css,74f6adad,Alice,2025-04-19,23:30:01,-07:00,2025-04-19T23:30:01-07:00,0,8
style.css,59,css,74f6adad,Alice,2025-04-19,23:30:01,-07:00,2025-04-19T23:30:01-07:00,0,7
style.css,60,css,74f6adad,Alice,2025-04-19,23:30:01,-07:00,2025-04-19T23:30:01-07:00,0,14
style.css,61,css,74f6adad,Alice,2025-04-19,23:30:01,-07:00,2025-04-19T23:30:01-07:00,0,11
style.css,62,css,74f6adad,Alice,2025-04-19,23:30:01,-07:00,2025-04-19T23:30:01-07:00,0,22
style.css,63,css,74f6adad,Alice,2025-04-19,23:30:01,-07:00,2025-04-19T23:30:01-07:00,0,19
style.css,64,css,74f6adad,Alice,2025-04-19,23:30:01,-07:00,2025-04-19T23:30:01-07:00,0,14
style.css,65,css,74f6adad,Alice,2025-04-19,23:30:01,-07:00,2025-04-19T23:30:01-07:00,0,13
style.css,66,css,74f6adad,Alice,2025-04-19,23:30:01,-07:00,2025-04-19T23:30:01-07:00,0,0
style.css,67,css,74f6adad,Alice,2025-04-19,23:30:01,-07:00,2025-04-19T23:30:01-07:00,0,0
style.css,68,css,74f6adad,Alice,2025-04-19,23:30:01,-07:00,2025-04-19T23:30:01-07:00,0,5
style.css,69,css,74f6adad,Alice,2025-04-19,23:30:01,-07:00,2025-04-19T23:30:01-07:00,0,13
style.css,70,css,74f6adad,Alice,2025-04-19,23:30:01,-07:00,2025-04-19T23:30:01-07:00,0,31
style.css,71,css,74f6adad,Alice,2025-04-19,23:30:01,-07:00,2025-04-19T23:30:01-07:00,0,8
style.css,72,css,74f6adad,Alice,2025-04-19,23:30:01,-07:00,2025-04-19T23:30:01-07:00,0,0
style.css,73,css,74f6adad,Alice,2025-04-19,23:30:01,-07:00,2025-04-19T23:30:01-07:00,0,0
style.css,74,css,74f6adad,Alice,2025-04-19,23:30:01,-07:00,2025-04-19T23:30:01-07:00,0,12
style.css,75,css,74f6adad,Alice,2025-04-19,23:30:01,-07:00,2025-04-19T23:30:01-07:00,0,19
style.css,76,css,74f6adad,Alice,2025-04-19,23:30:01,-07:00,2025-04-19T23:30:01-07:00,0,18
style.css,77,css,74f6adad,Alice,2025-04-19,23:30:01,-07:00,2025-04-19T23:30:01-07:00,0,13
style.css,78,css,74f6adad,Alice,2025-04-19,23:30:01,-07:00,2025-04-19T23:30:01-07:00,0,0
style.css,79,css,74f6adad,Alice,2025-04-19,23:30:01,-07:00,2025-04-19T23:30:01-07:00,0,0
style.css,80,css,74f6adad,Alice,2025-04-19,23:30:01,-07:00,2025-04-19T23:30:01-07:00,0,10
style.css,81,css,74f6adad,Alice,2025-04-19,23:30:01,-07:00,2025-04-19T23:30:01-07:00,0,13
style.css,82,css,74f6adad,Alice,2025-04-19,23:30:01,-07:00,2025-04-19T23:30:01-07:00,0,59
style.css,83,css,74f6adad,Alice,2025-04-19,23:30:01,-07:00,2025-04-19T23:30:01-07:00,0,10
style.css,84,css,74f6adad,Alice,2025-04-19,23:30:01,-07:00,2025-04-19T23:30:01-07:00,0,16
style.css,85,css,74f6adad,Alice,2025-04-19,23:30:01,-07:00,2025-04-19T23:30:01-07:00,0,18
style.css,86,css,74f6adad,Alice,2025-04-19,23:30:01,-07:00,2025-04-19T23:30:01-07:00,0,27
style.css,87,css,74f6adad,Alice,2025-04-19,23:30:01,-07:00,2025-04-19T23:30:01-07:00,0,16
style.css,88,css,74f6adad,Alice,2025-04-19,23:30:01,-07:00,2025-04-19T23:30:01-07:00,0,12
style.css,89,css,74f6adad,Alice,2025-04-19,23:30:01,-07:00,2025-04-19T23:30:01-07:00,0,22
style.css,90,css,74f6adad,Alice,2025-04-19,23:30:01,-07:00,2025-04-19T23:30:01-07:00,0,20
style.css,91,css,74f6adad,Alice,2025-04-19,23:30:01,-07:00,2025-04-19T23:30:01-07:00,0,25
style.css,92,css,74f6adad,Alice,2025-04-19,23:30:01,-07:00,2025-04-19T23:30:01-07:00,0,0
style.css,93,css,74f6adad,Alice,2025-04-19,23:30:01,-07:00,2025-04-19T23:30:01-07:00,0,0
style.css,94,css,74f6adad,Alice,2025-04-19,23:30:01,-07:00,2025-04-19T23:30:01-07:00,0,13
style.css,95,css,74f6adad,Alice,2025-04-19,23:30:01,-07:00,2025-04-19T23:30:01-07:00,0,9
style.css,96,css,74f6adad,Alice,2025-04-19,23:30:01,-07:00,2025-04-19T23:30:01-07:00,0,17
style.css,97,css,74f6adad,Alice,2025-04-19,23:30:01,-07:00,2025-04-19T23:30:01-07:00,0,0
style.css,98,css,74f6adad,Alice,2025-04-19,23:30:01,-07:00,2025-04-19T23:30:01-07:00,0,0
style.css,99,css,74f6adad,Alice,2025-04-19,23:30:01,-07:00,2025-04-19T23:30:01-07:00,0,14
style.css,100,css,74f6adad,Alice,2025-04-19,23:30:01,-07:00,2025-04-19T23:30:01-07:00,0,11
style.css,101,css,74f6adad,Alice,2025-04-19,23:30:01,-07:00,2025-04-19T23:30:01-07:00,0,12
style.css,102,css,74f6adad,Alice,2025-04-19,23:30:01,-07:00,2025-04-19T23:30:01-07:00,0,14
style.css,103,css,74f6adad,Alice,2025-04-19,23:30:01,-07:00,2025-04-19T23:30:01-07:00,0,17
style.css,104,css,74f6adad,Alice,2025-04-19,23:30:01,-07:00,2025-04-19T23:30:01-07:00,0,0
style.css,105,css,74f6adad,Alice,2025-04-19,23:30:01,-07:00,2025-04-19T23:30:01-07:00,0,0
style.css,106,css,74f6adad,Alice,2025-04-19,23:30:01,-07:00,2025-04-19T23:30:01-07:00,0,8
style.css,107,css,74f6adad,Alice,2025-04-19,23:30:01,-07:00,2025-04-19T23:30:01-07:00,0,19
style.css,108,css,74f6adad,Alice,2025-04-19,23:30:01,-07:00,2025-04-19T23:30:01-07:00,0,0
style.css,109,css,74f6adad,Alice,2025-04-19,23:30:01,-07:00,2025-04-19T23:30:01-07:00,0,0
style.css,110,css,74f6adad,Alice,2025-04-19,23:30:01,-07:00,2025-04-19T23:30:01-07:00,0,3
style.css,111,css,74f6adad,Alice,2025-04-19,23:30:01,-07:00,2025-04-19T23:30:01-07:00,0,15
style.css,112,css,74f6adad,Alice,2025-04-19,23:30:01,-07:00,2025-04-19T23:30:01-07:00,0,21
style.css,113,css,74f6adad,Alice,2025-04-19,23:30:01,-07:00,2025-04-19T23:30:01-07:00,0,0
style.css,114,css,74f6adad,Alice,2025-04-19,23:30:01,-07:00,2025-04-19T23:30:01-07:00,0,0
style.css,115,css,74f6adad,Alice,2025-04-19,23:30:01,-07:00,2025-04-19T23:30:01-07:00,0,3
style.css,116,css,74f6adad,Alice,2025-04-19,23:30:01,-07:00,2025-04-19T23:30:01-07:00,0,15
style.css,117,css,74f6adad,Alice,2025-04-19,23:30:01,-07:00,2025-04-19T23:30:01-07:00,0,26
style.css,118,css,74f6adad,Alice,2025-04-19,23:30:01,-07:00,2025-04-19T23:30:01-07:00,0,42
style.css,119,css,74f6adad,Alice,2025-04-19,23:30:01,-07:00,2025-04-19T23:30:01-07:00,0,22
style.css,120,css,74f6adad,Alice,2025-04-19,23:30:01,-07:00,2025-04-19T23:30:01-07:00,0,0
style.css,121,css,74f6adad,Alice,2025-04-19,23:30:01,-07:00,2025-04-19T23:30:01-07:00,0,0
style.css,122,css,cdbcbc4b,Alice,2025-04-29,04:28:38,-07:00,2025-04-29T04:28:38-07:00,0,2
style.css,123,css,cdbcbc4b,Alice,2025-04-29,04:28:38,-07:00,2025-04-29T04:28:38-07:00,0,26
style.css,124,css,cdbcbc4b,Alice,2025-04-29,04:28:38,-07:00,2025-04-29T04:28:38-07:00,0,42
style.css,125,css,cdbcbc4b,Alice,2025-04-29,04:28:38,-07:00,2025-04-29T04:28:38-07:00,0,22
style.css,126,css,cdbcbc4b,Alice,2025-04-29,04:28:38,-07:00,2025-04-29T04:28:38-07:00,0,0
style.css,127,css,cdbcbc4b,Alice,2025-04-29,04:28:38,-07:00,2025-04-29T04:28:38-07:00,0,0
style.css,128,css,74f6adad,Alice,2025-04-19,23:30:01,-07:00,2025-04-19T23:30:01-07:00,0,3
style.css,129,css,74f6adad,Alice,2025-04-19,23:30:01,-07:00,2025-04-19T23:30:01-07:00,0,18
style.css,130,css,74f6adad,Alice,2025-04-19,23:30:01,-07:00,2025-04-19T23:30:01-07:00,0,24
style.css,131,css,445562e4,Alice,2025-04-19,23:03:25,-07:00,2025-04-19T23:03:25-07:00,0,0
style.css,132,css,74f6adad,Alice,2025-04-19,23:30:01,-07:00,2025-04-19T23:30:01-07:00,0,0
style.css,133,css,74f6adad,Alice,2025-04-19,23:30:01,-07:00,2025-04-19T23:30:01-07:00,0,5
style.css,134,css,74f6adad,Alice,2025-04-19,23:30:01,-07:00,2025-04-19T23:30:01-07:00,0,18
style.css,135,css,74f6adad,Alice,2025-04-19,23:30:01,-07:00,2025-04-19T23:30:01-07:00,0,11
style.css,136,css,74f6adad,Alice,2025-04-19,23:30:01,-07:00,2025-04-19T23:30:01-07:00,0,17
style.css,137,css,cdbcbc4b,Alice,2025-04-29,04:28:38,-07:00,2025-04-29T04:28:38-07:00,0,0
style.css,138,css,cdbcbc4b,Alice,2025-04-29,04:28:38,-07:00,2025-04-29T04:28:38-07:00,0,0
style.css,139,css,cdbcbc4b,Alice,2025-04-29,04:28:38,-07:00,2025-04-29T04:28:38-07:00,0,14
style.css,140,css,cdbcbc4b,Alice,2025-04-29,04:28:38,-07:00,2025-04-29T04:28:38-07:00,0,18
style.css,141,css,cdbcbc4b,Alice,2025-04-29,04:28:38,-07:00,2025-04-29T04:28:38-07:00,0,9
style.css,142,css,cdbcbc4b,Alice,2025-04-29,04:28:38,-07:00,2025-04-29T04:28:38-07:00,0,11
style.css,143,css,cdbcbc4b,Alice,2025-04-29,04:28:38,-07:00,2025-04-29T04:28:38-07:00,0,14
style.css,144,css,cdbcbc4b,Alice,2025-04-29,04:28:38,-07:00,2025-04-29T04:28:38-07:00,0,20
style.css,145,css,cdbcbc4b,Alice,2025-04-29,04:28:38,-07:00,2025-04-29T04:28:38-07:00,0,13
style.css,146,css,cdbcbc4b,Alice,2025-04-29,04:28:38,-07:00,2025-04-29T04:28:38-07:00,0,0
style.css,147,css,cdbcbc4b,Alice,2025-04-29,04:28:38,-07:00,2025-04-29T04:28:38-07:00,0,0
style.css,148,css,cdbcbc4b,Alice,2025-04-29,04:28:38,-07:00,2025-04-29T04:28:38-07:00,0,21
style.css,149,css,cdbcbc4b,Alice,2025-04-29,04:28:38,-07:00,2025-04-29T04:28:38-07:00,0,13
style.css,150,css,a2b4c284,Alice,2025-05-03,22:22:03,-07:00,2025-05-03T22:22:03-07:00,0,0
style.css,151,css,a2b4c284,Alice,2025-05-03,22:22:03,-07:00,2025-05-03T22:22:03-07:00,0,0
style.css,152,css,a2b4c284,Alice,2025-05-03,22:22:03,-07:00,2025-05-03T22:22:03-07:00,0,30
style.css,153,css,a2b4c284,Alice,2025-05-03,22:22:03,-07:00,2025-05-03T22:22:03-07:00,0,13
style.css,154,css,a2b4c284,Alice,2025-05-03,22:22:03,-07:00,2025-05-03T22:22:03-07:00,0,37
style.css,155,css,a2b4c284,Alice,2025-05-03,22:22:03,-07:00,2025-05-03T22:22:03-07:00,0,10
style.css,156,css,a2b4c284,Alice,2025-05-03,22:22:03,-07:00,2025-05-03T22:22:03-07:00,0,18
style.css,157,css,a2b4c284,Alice,2025-05-03,22:22:03,-07:00,2025-05-03T22:22:03-07:00,0,35
style.css,158,css,a2b4c284,Alice,2025-05-03,22:22:03,-07:00,2025-05-03T22:22:03-07:00,0,12
style.css,159,css,a2b4c284,Alice,2025-05-03,22:22:03,-07:00,2025-05-03T22:22:03-07:00,0,20
style.css,160,css,a2b4c284,Alice,2025-05-03,22:22:03,-07:00,2025-05-03T22:22:03-07:00,0,17
style.css,161,css,a2b4c284,Alice,2025-05-03,22:22:03,-07:00,2025-05-03T22:22:03-07:00,0,0
style.css,162,css,a2b4c284,Alice,2025-05-03,22:22:03,-07:00,2025-05-03T22:22:03-07:00,0,0
style.css,163,css,a2b4c284,Alice,2025-05-03,22:22:03,-07:00,2025-05-03T22:22:03-07:00,0,18
style.css,164,css,a2b4c284,Alice,2025-05-03,22:22:03,-07:00,2025-05-03T22:22:03-07:00,0,17
style.css,165,css,a2b4c284,Alice,2025-05-03,22:22:03,-07:00,2025-05-03T22:22:03-07:00,0,11
style.css,166,css,a2b4c284,Alice,2025-05-03,22:22:03,-07:00,2025-05-03T22:22:03-07:00,0,0
style.css,167,css,a2b4c284,Alice,2025-05-03,22:22:03,-07:00,2025-05-03T22:22:03-07:00,0,0
style.css,168,css,a2b4c284,Alice,2025-05-03,22:22:03,-07:00,2025-05-03T22:22:03-07:00,0,18
style.css,169,css,a2b4c284,Alice,2025-05-03,22:22:03,-07:00,2025-05-03T22:22:03-07:00,0,9
style.css,170,css,a2b4c284,Alice,2025-05-03,22:22:03,-07:00,2025-05-03T22:22:03-07:00,0,11
style.css,171,css,149506aa,Alice,2025-05-03,23:23:19,-07:00,2025-05-03T23:23:19-07:00,0,0
style.css,172,css,149506aa,Alice,2025-05-03,23:23:19,-07:00,2025-05-03T23:23:19-07:00,0,0
style.css,173,css,149506aa,Alice,2025-05-03,23:23:19,-07:00,2025-05-03T23:23:19-07:00,0,14
style.css,174,css,149506aa,Alice,2025-05-03,23:23:19,-07:00,2025-05-03T23:23:19-07:00,0,13
style.css,175,css,149506aa,Alice,2025-05-03,23:23:19,-07:00,2025-05-03T23:23:19-07:00,0,22
style.css,176,css,149506aa,Alice,2025-05-03,23:23:19,-07:00,2025-05-03T23:23:19-07:00,0,10
style.css,177,css,149506aa,Alice,2025-05-03,23:23:19,-07:00,2025-05-03T23:23:19-07:00,0,0
style.css,178,css,149506aa,Alice,2025-05-03,23:23:19,-07:00,2025-05-03T23:23:19-07:00,0,0
style.css,179,css,149506aa,Alice,2025-05-03,23:23:19,-07:00,2025-05-03T23:23:19-07:00,0,14
style.css,180,css,149506aa,Alice,2025-05-03,23:23:19,-07:00,2025-05-03T23:23:19-07:00,0,31
style.css,181,css,149506aa,Alice,2025-05-03,23:23:19,-07:00,2025-05-03T23:23:19-07:00,0,11
style.css,182,css,149506aa,Alice,2025-05-03,23:23:19,-07:00,2025-05-03T23:23:19-07:00,0,35
style.css,183,css,149506aa,Alice,2025-05-03,23:23:19,-07:00,2025-05-03T23:23:19-07:00,0,16
style.css,184,css,149506aa,Alice,2025-05-03,23:23:19,-07:00,2025-05-03T23:23:19-07:00,0,19
style.css,185,css,149506aa,Alice,2025-05-03,23:23:19,-07:00,2025-05-03T23:23:19-07:00,0,0
style.css,186,css,149506aa,Alice,2025-05-03,23:23:19,-07:00,2025-05-03T23:23:19-07:00,0,0
style.css,187,css,149506aa,Alice,2025-05-03,23:23:19,-07:00,2025-05-03T23:23:19-07:00,0,17
style.css,188,css,149506aa,Alice,2025-05-03,23:23:19,-07:00,2025-05-03T23:23:19-07:00,0,13
style.css,189,css,149506aa,Alice,2025-05-03,23:23:19,-07:00,2025-05-03T23:23:19-07:00,0,8
style.css,190,css,149506aa,Alice,2025-05-03,23:23:19,-07:00,2025-05-03T23:23:19-07:00,0,19
style.css,191,css,149506aa,Alice,2025-05-03,23:23:19,-07:00,2025-05-03T23:23:19-07:00,0,15
style.css,192,css,149506aa,Alice,2025-05-03,23:23:19,-07:00,2025-05-03T23:23:19-07:00,0,17
style.css,193,css,149506aa,Alice,2025-05-03,23:23:19,-07:00,2025-05-03T23:23:19-07:00,0,0
style.css,194,css,149506aa,Alice,2025-05-03,23:23:19,-07:00,2025-05-03T23:23:19-07:00,0,0
style.css,195,css,149506aa,Alice,2025-05-03,23:23:19,-07:00,2025-05-03T23:23:19-07:00,0,19
style.css,196,css,149506aa,Alice,2025-05-03,23:23:19,-07:00,2025-05-03T23:23:19-07:00,0,15
style.css,197,css,149506aa,Alice,2025-05-03,23:23:19,-07:00,2025-05-03T23:23:19-07:00,0,14
style.css,198,css,149506aa,Alice,2025-05-03,23:23:19,-07:00,2025-05-03T23:23:19-07:00,0,17
style.css,199,css,149506aa,Alice,2025-05-03,23:23:19,-07:00,2025-05-03T23:23:19-07:00,0,0
style.css,200,css,149506aa,Alice,2025-05-03,23:23:19,-07:00,2025-05-03T23:23:19-07:00,0,0
style.css,201,css,149506aa,Alice,2025-05-03,23:23:19,-07:00,2025-05-03T23:23:19-07:00,0,8
style.css,202,css,149506aa,Alice,2025-05-03,23:23:19,-07:00,2025-05-03T23:23:19-07:00,0,13
style.css,203,css,149506aa,Alice,2025-05-03,23:23:19,-07:00,2025-05-03T23:23:19-07:00,0,58
style.css,204,css,149506aa,Alice,2025-05-03,23:23:19,-07:00,2025-05-03T23:23:19-07:00,0,8
style.css,205,css,149506aa,Alice,2025-05-03,23:23:19,-07:00,2025-05-03T23:23:19-07:00,0,16
style.css,206,css,149506aa,Alice,2025-05-03,23:23:19,-07:00,2025-05-03T23:23:19-07:00,0,12
style.css,207,css,149506aa,Alice,2025-05-03,23:23:19,-07:00,2025-05-03T23:23:19-07:00,0,41
style.css,208,css,149506aa,Alice,2025-05-03,23:23:19,-07:00,2025-05-03T23:23:19-07:00,0,44
style.css,209,css,149506aa,Alice,2025-05-03,23:23:19,-07:00,2025-05-03T23:23:19-07:00,0,7
style.css,210,css,149506aa,Alice,2025-05-03,23:23:19,-07:00,2025-05-03T23:23:19-07:00,0,0
style.css,211,css,149506aa,Alice,2025-05-03,23:23:19,-07:00,2025-05-03T23:23:19-07:00,0,0
style.css,212,css,149506aa,Alice,2025-05-03,23:23:19,-07:00,2025-05-03T23:23:19-07:00,0,13
style.css,213,css,149506aa,Alice,2025-05-03,23:23:19,-07:00,2025-05-03T23:23:19-07:00,0,13
style.css,214,css,149506aa,Alice,2025-05-03,23:23:19,-07:00,2025-05-03T23:23:19-07:00,0,19
style.css,215,css,149506aa,Alice,2025-05-03,23:23:19,-07:00,2025-05-03T23:23:19-07:00,0,10
style.css,216,css,149506aa,Alice,2025-05-03,23:23:19,-07:00,2025-05-03T23:23:19-07:00,0,0
style.css,217,css,149506aa,Alice,2025-05-03,23:23:19,-07:00,2025-05-03T23:23:19-07:00,0,0
style.css,218,css,149506aa,Alice,2025-05-03,23:23:19,-07:00,2025-05-03T23:23:19-07:00,0,21
style.css,219,css,149506aa,Alice,2025-05-03,23:23:19,-07:00,2025-05-03T23:23:19-07:00,0,21
style.css,220,css,149506aa,Alice,2025-05-03,23:23:19,-07:00,2025-05-03T23:23:19-07:00,0,10
style.css,221,css,149506aa,Alice,2025-05-03,23:23:19,-07:00,2025-05-03T23:23:19-07:00,0,11
style.css,222,css,149506aa,Alice,2025-05-03,23:23:19,-07:00,2025-05-03T23:23:19-07:00,0,30
style.css,223,css,149506aa,Alice,2025-05-03,23:23:19,-07:00,2025-05-03T23:23:19-07:00,0,21
style.css,224,css,149506aa,Alice,2025-05-03,23:23:19,-07:00,2025-05-03T23:23:19-07:00,0,0
style.css,225,css,149506aa,Alice,2025-05-03,23:23:19,-07:00,2025-05-03T23:23:19-07:00,0,0
style.css,226,css,149506aa,Alice,2025-05-03,23:23:19,-07:00,2025-05-03T23:23:19-07:00,0,5
style.css,227,css,149506aa,Alice,2025-05-03,23:23:19,-07:00,2025-05-03T23:23:19-07:00,0,17
style.css,228,css,149506aa,Alice,2025-05-03,23:23:19,-07:00,2025-05-03T23:23:19-07:00,0,15
style.css,229,css,149506aa,Alice,2025-05-03,23:23:19,-07:00,2025-05-03T23:23:19-07:00,0,0
style.css,230,css,149506aa,Alice,2025-05-03,23:23:19,-07:00,2025-05-03T23:23:19-07:00,0,0
style.css,231,css,149506aa,Alice,2025-05-03,23:23:19,-07:00,2025-05-03T23:23:19-07:00,0,10
style.css,232,css,149506aa,Alice,2025-05-03,23:23:19,-07:00,2025-05-03T23:23:19-07:00,0,36
style.css,233,css,149506aa,Alice,2025-05-03,23:23:19,-07:00,2025-05-03T23:23:19-07:00,0,0
style.css,234,css,149506aa,Alice,2025-05-03,23:23:19,-07:00,2025-05-03T23:23:19-07:00,0,0
style.css,235,css,149506aa,Alice,2025-05-03,23:23:19,-07:00,2025-05-03T23:23:19-07:00,0,14
style.css,236,css,149506aa,Alice,2025-05-03,23:23:19,-07:00,2025-05-03T23:23:19-07:00,0,18
style.css,237,css,149506aa,Alice,2025-05-03,23:23:19,-07:00,2025-05-03T23:23:19-07:00,0,0
style.css,238,css,149506aa,Alice,2025-05-03,23:23:19,-07:00,2025-05-03T23:23:19-07:00,0,0
style.css,239,css,149506aa,Alice,2025-05-03,23:23:19,-07:00,2025-05-03T23:23:19-07:00,0,22
style.css,240,css,149506aa,Alice,2025-05-03,23:23:19,-07:00,2025-05-03T23:23:19-07:00,0,30
style.css,241,css,149506aa,Alice,2025-05-03,23:23:19,-07:00,2025-05-03T23:23:19-07:00,0,0
index.js,1,js,a2b4c284,Alice,2025-05-03,22:22:03,-07:00,2025-05-03T22:22:03-07:00,0,45
index.js,2,js,a2b4c284,Alice,2025-05-03,22:22:03,-07:00,2025-05-03T22:22:03-07:00,0,0
index.js,3,js,a2b4c284,Alice,2025-05-03,22:22:03,-07:00,2025-05-03T22:22:03-07:00,0,58
index.js,4,js,a2b4c284,Alice,2025-05-03,22:22:03,-07:00,2025-05-03T22:22:03-07:00,0,61
index.js,5,js,a2b4c284,Alice,2025-05-03,22:22:03,-07:00,2025-05-03T22:22:03-07:00,0,0
index.js,6,js,a2b4c284,Alice,2025-05-03,22:22:03,-07:00,2025-05-03T22:22:03-07:00,0,25
index.js,7,js,a2b4c284,Alice,2025-05-03,22:22:03,-07:00,2025-05-03T22:22:03-07:00,0,0
index.js,8,js,a2b4c284,Alice,2025-05-03,22:22:03,-07:00,2025-05-03T22:22:03-07:00,0,4
index.js,9,js,a2b4c284,Alice,2025-05-03,22:22:03,-07:00,2025-05-03T22:22:03-07:00,0,55
index.js,10,js,a2b4c284,Alice,2025-05-03,22:22:03,-07:00,2025-05-03T22:22:03-07:00,0,0
index.js,11,js,a2b4c284,Alice,2025-05-03,22:22:03,-07:00,2025-05-03T22:22:03-07:00,0,25
index.js,12,js,a2b4c284,Alice,2025-05-03,22:22:03,-07:00,2025-05-03T22:22:03-07:00,0,23
index.js,13,js,a2b4c284,Alice,2025-05-03,22:22:03,-07:00,2025-05-03T22:22:03-07:00,0,56
index.js,14,js,a2b4c284,Alice,2025-05-03,22:22:03,-07:00,2025-05-03T22:22:03-07:00,0,56
index.js,15,js,a2b4c284,Alice,2025-05-03,22:22:03,-07:00,2025-05-03T22:22:03-07:00,0,50
index.js,16,js,a2b4c284,Alice,2025-05-03,22:22:03,-07:00,2025-05-03T22:22:03-07:00,0,50
index.js,17,js,a2b4c284,Alice,2025-05-03,22:22:03,-07:00,2025-05-03T22:22:03-07:00,0,4
index.js,18,js,a2b4c284,Alice,2025-05-03,22:22:03,-07:00,2025-05-03T22:22:03-07:00,0,1
index.js,19,js,a2b4c284,Alice,2025-05-03,22:22:03,-07:00,2025-05-03T22:22:03-07:00,0,14
index.js,20,js,a2b4c284,Alice,2025-05-03,22:22:03,-07:00,2025-05-03T22:22:03-07:00,0,42
index.js,21,js,a2b4c284,Alice,2025-05-03,22:22:03,-07:00,2025-05-03T22:22:03-07:00,0,61
index.js,22,js,a2b4c284,Alice,2025-05-03,22:22:03,-07:00,2025-05-03T22:22:03-07:00,0,0
index.js,23,js,a2b4c284,Alice,2025-05-03,22:22:03,-07:00,2025-05-03T22:22:03-07:00,0,2
index.html,1,html,ab0e0e17,Alice,2025-04-16,22:25:22,-07:00,2025-04-16T22:25:22-07:00,0,14
index.html,2,html,ab0e0e17,Alice,2025-04-16,22:25:22,-07:00,2025-04-16T22:25:22-07:00,0,15
index.html,3,html,ab0e0e17,Alice,2025-04-16,22:25:22,-07:00,2025-04-16T22:25:22-07:00,0,5
index.html,4,html,ab0e0e17,Alice,2025-04-16,22:25:22,-07:00,2025-04-16T22:25:22-07:00,0,21
index.html,5,html,ab0e0e17,Alice,2025-04-16,22:25:22,-07:00,2025-04-16T22:25:22-07:00,0,69
index.html,6,html,0b1a9f81,Alice,2025-04-16,22:53:10,-07:00,2025-04-16T22:53:10-07:00,0,39
index.html,7,html,ab0e0e17,Alice,2025-04-16,22:25:22,-07:00,2025-04-16T22:25:22-07:00,0,54
index.html,8,html,ab0e0e17,Alice,2025-04-16,22:25:22,-07:00,2025-04-16T22:25:22-07:00,0,6
index.html,9,html,ab0e0e17,Alice,2025-04-16,22:25:22,-07:00,2025-04-16T22:25:22-07:00,0,5
index.html,10,html,ab0e0e17,Alice,2025-04-16,22:25:22,-07:00,2025-04-16T22:25:22-07:00,0,19
index.html,11,html,313249b3,Alice,2025-04-29,16:01:25,-07:00,2025-04-29T16:01:25-07:00,0,279
index.html,12,html,313249b3,Alice,2025-04-29,16:01:25,-07:00,2025-04-29T16:01:25-07:00,0,308
index.html,13,html,313249b3,Alice,2025-04-29,16:01:25,-07:00,2025-04-29T16:01:25-07:00,0,0
index.html,14,html,313249b3,Alice,2025-04-29,16:01:25,-07:00,2025-04-29T16:01:25-07:00,0,329
index.html,15,html,313249b3,Alice,2025-04-29,16:01:25,-07:00,2025-04-29T16:01:25-07:00,0,0
index.html,16,html,313249b3,Alice,2025-04-29,16:01:25,-07:00,2025-04-29T16:01:25-07:00,0,144
index.html,17,html,313249b3,Alice,2025-04-29,16:01:25,-07:00,2025-04-29T16:01:25-07:00,0,0
index.html,18,html,313249b3,Alice,2025-04-29,16:01:25,-07:00,2025-04-29T16:01:25-07:00,0,147
index.html,19,html,b3db0f79,Alice,2025-04-20,00:10:58,-07:00,2025-04-20T00:10:58-07:00,0,3
index.html,20,html,0b1a9f81,Alice,2025-04-16,22:53:10,-07:00,2025-04-16T22:53:10-07:00,0,21
index.html,21,html,0b1a9f81,Alice,2025-04-16,22:53:10,-07:00,2025-04-16T22:53:10-07:00,0,39
index.html,22,html,0b1a9f81,Alice,2025-04-16,22:53:10,-07:00,2025-04-16T22:53:10-07:00,0,0
index.html,23,html,a2b4c284,Alice,2025-05-03,22:22:03,-07:00,2025-05-03T22:22:03-07:00,0,20
index.html,24,html,a2b4c284,Alice,2025-05-03,22:22:03,-07:00,2025-05-03T22:22:03-07:00,0,29
index.html,25,html,a2b4c284,Alice,2025-05-03,22:22:03,-07:00,2025-05-03T22:22:03-07:00,0,0
index.html,26,html,949c2004,Alice,2025-04-29,03:47:58,-07:00,2025-04-29T03:47:58-07:00,0,46
index.html,27,html,a2b4c284,Alice,2025-05-03,22:22:03,-07:00,2025-05-03T22:22:03-07:00,0,45
index.html,28,html,ab0e0e17,Alice,2025-04-16,22:25:22,-07:00,2025-04-16T22:25:22-07:00,0,6
index.html,29,html,ab0e0e17,Alice,2025-04-16,22:25:22,-07:00,2025-04-16T22:25:22-07:00,0,6
global.js,1,js,b3db0f79,Alice,2025-04-20,00:10:58,-07:00,2025-04-20T00:10:58-07:00,0,26
global.js,2,js,b3db0f79,Alice,2025-04-20,00:10:58,-07:00,2025-04-20T00:10:58-07:00,0,0
global.js,3,js,b3db0f79,Alice,2025-04-20,00:10:58,-07:00,2025-04-20T00:10:58-07:00,0,42
global.js,4,js,b3db0f79,Alice,2025-04-20,00:10:58,-07:00,2025-04-20T00:10:58-07:00,0,53
global.js,5,js,b3db0f79,Alice,2025-04-20,00:10:58,-07:00,2025-04-20T00:10:58-07:00,0,0
global.js,6,js,b3db0f79,Alice,2025-04-20,00:10:58,-07:00,2025-04-20T00:10:58-07:00,0,0
global.js,7,js,ddb862f3,Alice,2025-04-29,03:20:32,-07:00,2025-04-29T03:20:32-07:00,0,89
global.js,8,js,bd9a84fe,Alice,2025-04-29,03:31:38,-07:00,2025-04-29T03:31:38-07:00,0,3
global.js,9,js,10aae978,Alice,2025-04-29,03:41:50,-07:00,2025-04-29T03:41:50-07:00,0,16
global.js,10,js,ddb862f3,Alice,2025-04-29,03:20:32,-07:00,2025-04-29T03:20:32-07:00,0,0
global.js,11,js,ddb862f3,Alice,2025-04-29,03:20:32,-07:00,2025-04-29T03:20:32-07:00,0,12
global.js,12,js,5e2ed2c6,Alice,2025-04-29,03:53:26,-07:00,2025-04-29T03:53:26-07:00,0,26
global.js,13,js,a6fdc9f9,Alice,2025-04-29,03:35:12,-07:00,2025-04-29T03:35:12-07:00,0,49
global.js,14,js,a6fdc9f9,Alice,2025-04-29,03:35:12,-07:00,2025-04-29T03:35:12-07:00,0,47
global.js,15,js,a6fdc9f9,Alice,2025-04-29,03:35:12,-07:00,2025-04-29T03:35:12-07:00,0,45
global.js,16,js,00000000,Not Committed Yet,2025-05-09,19:00:40,-07:00,2025-05-09T19:00:40-07:00,0,41
global.js,17,js,ddb862f3,Alice,2025-04-29,03:20:32,-07:00,2025-04-29T03:20:32-07:00,0,57
global.js,18,js,ddb862f3,Alice,2025-04-29,03:20:32,-07:00,2025-04-29T03:20:32-07:00,0,1
global.js,19,js,1aa85c2f,Alice,2025-04-29,03:11:19,-07:00,2025-04-29T03:11:19-07:00,0,0
global.js,20,js,1aa85c2f,Alice,2025-04-29,03:11:19,-07:00,2025-04-29T03:11:19-07:00,0,39
global.js,21,js,1aa85c2f,Alice,2025-04-29,03:11:19,-07:00,2025-04-29T03:11:19-07:00,0,26
global.js,22,js,1aa85c2f,Alice,2025-04-29,03:11:19,-07:00,2025-04-29T03:11:19-07:00,0,0
global.js,23,js,1aa85c2f,Alice,2025-04-29,03:11:19,-07:00,2025-04-29T03:11:19-07:00,0,21
global.js,24,js,1aa85c2f,Alice,2025-04-29,03:11:19,-07:00,2025-04-29T03:11:19-07:00,0,15
global.js,25,js,1aa85c2f,Alice,2025-04-29,03:11:19,-07:00,2025-04-29T03:11:19-07:00,0,19
global.js,26,js,bd9a84fe,Alice,2025-04-29,03:31:38,-07:00,2025-04-29T03:31:38-07:00,0,0
global.js,27,js,bd9a84fe,Alice,2025-04-29,03:31:38,-07:00,2025-04-29T03:31:38-07:00,0,59
global.js,28,js,1aa85c2f,Alice,2025-04-29,03:11:19,-07:00,2025-04-29T03:11:19-07:00,0,71
global.js,29,js,1aa85c2f,Alice,2025-04-29,03:11:19,-07:00,2025-04-29T03:11:19-07:00,0,0
global.js,30,js,1aa85c2f,Alice,2025-04-29,03:11:19,-07:00,2025-04-29T03:11:19-07:00,0,0
global.js,31,js,1aa85c2f,Alice,2025-04-29,03:11:19,-07:00,2025-04-29T03:11:19-07:00,0,26
global.js,32,js,2c40057c,Alice,2025-04-29,03:50:45,-07:00,2025-04-29T03:50:45-07:00,0,104
global.js,33,js,1aa85c2f,Alice,2025-04-29,03:11:19,-07:00,2025-04-29T03:11:19-07:00,0,31
global.js,34,js,1aa85c2f,Alice,2025-04-29,03:11:19,-07:00,2025-04-29T03:11:19-07:00,0,66
global.js,35,js,1aa85c2f,Alice,2025-04-29,03:11:19,-07:00,2025-04-29T03:11:19-07:00,0,1
global.js,36,js,ddb862f3,Alice,2025-04-29,03:20:32,-07:00,2025-04-29T03:20:32-07:00,0,37
global.js,37,js,ddb862f3,Alice,2025-04-29,03:20:32,-07:00,2025-04-29T03:20:32-07:00,0,0
global.js,38,js,cdbcbc4b,Alice,2025-04-29,04:28:38,-07:00,2025-04-29T04:28:38-07:00,0,32
global.js,39,js,cdbcbc4b,Alice,2025-04-29,04:28:38,-07:00,2025-04-29T04:28:38-07:00,0,12
global.js,40,js,cdbcbc4b,Alice,2025-04-29,04:28:38,-07:00,2025-04-29T04:28:38-07:00,0,0
global.js,41,js,cdbcbc4b,Alice,2025-04-29,04:28:38,-07:00,2025-04-29T04:28:38-07:00,0,27
global.js,42,js,cdbcbc4b,Alice,2025-04-29,04:28:38,-07:00,2025-04-29T04:28:38-07:00,0,5
global.js,43,js,cdbcbc4b,Alice,2025-04-29,04:28:38,-07:00,2025-04-29T04:28:38-07:00,0,30
global.js,44,js,cdbcbc4b,Alice,2025-04-29,04:28:38,-07:00,2025-04-29T04:28:38-07:00,0,44
global.js,45,js,cdbcbc4b,Alice,2025-04-29,04:28:38,-07:00,2025-04-29T04:28:38-07:00,0,35
global.js,46,js,cdbcbc4b,Alice,2025-04-29,04:28:38,-07:00,2025-04-29T04:28:38-07:00,0,33
global.js,47,js,cdbcbc4b,Alice,2025-04-29,04:28:38,-07:00,2025-04-29T04:28:38-07:00,0,8
global.js,48,js,cdbcbc4b,Alice,2025-04-29,04:28:38,-07:00,2025-04-29T04:28:38-07:00,0,7
global.js,49,js,cdbcbc4b,Alice,2025-04-29,04:28:38,-07:00,2025-04-29T04:28:38-07:00,0,0
global.js,50,js,cdbcbc4b,Alice,2025-04-29,04:28:38,-07:00,2025-04-29T04:28:38-07:00,0,1
global.js,51,js,cdbcbc4b,Alice,2025-04-29,04:28:38,-07:00,2025-04-29T04:28:38-07:00,0,0
global.js,52,js,cdbcbc4b,Alice,2025-04-29,04:28:38,-07:00,2025-04-29T04:28:38-07:00,0,59
global.js,53,js,cdbcbc4b,Alice,2025-04-29,04:28:38,-07:00,2025-04-29T04:28:38-07:00,0,37
global.js,54,js,cdbcbc4b,Alice,2025-04-29,04:28:38,-07:00,2025-04-29T04:28:38-07:00,0,0
global.js,55,js,cdbcbc4b,Alice,2025-04-29,04:28:38,-07:00,2025-04-29T04:28:38-07:00,0,56
global.js,56,js,cdbcbc4b,Alice,2025-04-29,04:28:38,-07:00,2025-04-29T04:28:38-07:00,0,17
global.js,57,js,cdbcbc4b,Alice,2025-04-29,04:28:38,-07:00,2025-04-29T04:28:38-07:00,0,36
global.js,58,js,cdbcbc4b,Alice,2025-04-29,04:28:38,-07:00,2025-04-29T04:28:38-07:00,0,38
global.js,59,js,cdbcbc4b,Alice,2025-04-29,04:28:38,-07:00,2025-04-29T04:28:38-07:00,0,0
global.js,60,js,cdbcbc4b,Alice,2025-04-29,04:28:38,-07:00,2025-04-29T04:28:38-07:00,0,0
global.js,61,js,cdbcbc4b,Alice,2025-04-29,04:28:38,-07:00,2025-04-29T04:28:38-07:00,0,41
global.js,62,js,cdbcbc4b,Alice,2025-04-29,04:28:38,-07:00,2025-04-29T04:28:38-07:00,0,26
global.js,63,js,cdbcbc4b,Alice,2025-04-29,04:28:38,-07:00,2025-04-29T04:28:38-07:00,0,30
global.js,64,js,cdbcbc4b,Alice,2025-04-29,04:28:38,-07:00,2025-04-29T04:28:38-07:00,0,43
global.js,65,js,cdbcbc4b,Alice,2025-04-29,04:28:38,-07:00,2025-04-29T04:28:38-07:00,0,2
global.js,66,js,cdbcbc4b,Alice,2025-04-29,04:28:38,-07:00,2025-04-29T04:28:38-07:00,0,0
global.js,67,js,cdbcbc4b,Alice,2025-04-29,04:28:38,-07:00,2025-04-29T04:28:38-07:00,0,43
global.js,68,js,cdbcbc4b,Alice,2025-04-29,04:28:38,-07:00,2025-04-29T04:28:38-07:00,0,0
global.js,69,js,cdbcbc4b,Alice,2025-04-29,04:28:38,-07:00,2025-04-29T04:28:38-07:00,0,50
global.js,70,js,cdbcbc4b,Alice,2025-04-29,04:28:38,-07:00,2025-04-29T04:28:38-07:00,0,22
global.js,71,js,cdbcbc4b,Alice,2025-04-29,04:28:38,-07:00,2025-04-29T04:28:38-07:00,0,0
global.js,72,js,cdbcbc4b,Alice,2025-04-29,04:28:38,-07:00,2025-04-29T04:28:38-07:00,0,31
global.js,73,js,cdbcbc4b,Alice,2025-04-29,04:28:38,-07:00,2025-04-29T04:28:38-07:00,0,17
global.js,74,js,cdbcbc4b,Alice,2025-04-29,04:28:38,-07:00,2025-04-29T04:28:38-07:00,0,0
global.js,75,js,cdbcbc4b,Alice,2025-04-29,04:28:38,-07:00,2025-04-29T04:28:38-07:00,0,32
global.js,76,js,cdbcbc4b,Alice,2025-04-29,04:28:38,-07:00,2025-04-29T04:28:38-07:00,0,51
global.js,77,js,cdbcbc4b,Alice,2025-04-29,04:28:38,-07:00,2025-04-29T04:28:38-07:00,0,0
global.js,78,js,cdbcbc4b,Alice,2025-04-29,04:28:38,-07:00,2025-04-29T04:28:38-07:00,0,0
global.js,79,js,cdbcbc4b,Alice,2025-04-29,04:28:38,-07:00,2025-04-29T04:28:38-07:00,0,48
global.js,80,js,cdbcbc4b,Alice,2025-04-29,04:28:38,-07:00,2025-04-29T04:28:38-07:00,0,39
global.js,81,js,cdbcbc4b,Alice,2025-04-29,04:28:38,-07:00,2025-04-29T04:28:38-07:00,0,19
global.js,82,js,313249b3,Alice,2025-04-29,16:01:25,-07:00,2025-04-29T16:01:25-07:00,0,2
global.js,83,js,313249b3,Alice,2025-04-29,16:01:25,-07:00,2025-04-29T16:01:25-07:00,0,0
global.js,84,js,313249b3,Alice,2025-04-29,16:01:25,-07:00,2025-04-29T16:01:25-07:00,0,37
global.js,85,js,313249b3,Alice,2025-04-29,16:01:25,-07:00,2025-04-29T16:01:25-07:00,0,4
global.js,86,js,313249b3,Alice,2025-04-29,16:01:25,-07:00,2025-04-29T16:01:25-07:00,0,33
global.js,87,js,313249b3,Alice,2025-04-29,16:01:25,-07:00,2025-04-29T16:01:25-07:00,0,21
global.js,88,js,313249b3,Alice,2025-04-29,16:01:25,-07:00,2025-04-29T16:01:25-07:00,0,0
global.js,89,js,313249b3,Alice,2025-04-29,16:01:25,-07:00,2025-04-29T16:01:25-07:00,0,18
global.js,90,js,313249b3,Alice,2025-04-29,16:01:25,-07:00,2025-04-29T16:01:25-07:00,0,67
global.js,91,js,313249b3,Alice,2025-04-29,16:01:25,-07:00,2025-04-29T16:01:25-07:00,0,0
global.js,92,js,313249b3,Alice,2025-04-29,16:01:25,-07:00,2025-04-29T16:01:25-07:00,0,0
global.js,93,js,313249b3,Alice,2025-04-29,16:01:25,-07:00,2025-04-29T16:01:25-07:00,0,34
global.js,94,js,313249b3,Alice,2025-04-29,16:01:25,-07:00,2025-04-29T16:01:25-07:00,0,11
global.js,95,js,313249b3,Alice,2025-04-29,16:01:25,-07:00,2025-04-29T16:01:25-07:00,0,0
global.js,96,js,313249b3,Alice,2025-04-29,16:01:25,-07:00,2025-04-29T16:01:25-07:00,0,16
global.js,97,js,313249b3,Alice,2025-04-29,16:01:25,-07:00,2025-04-29T16:01:25-07:00,0,60
global.js,98,js,313249b3,Alice,2025-04-29,16:01:25,-07:00,2025-04-29T16:01:25-07:00,0,0
global.js,99,js,313249b3,Alice,2025-04-29,16:01:25,-07:00,2025-04-29T16:01:25-07:00,0,0
global.js,100,js,313249b3,Alice,2025-04-29,16:01:25,-07:00,2025-04-29T16:01:25-07:00,0,0
global.js,101,js,313249b3,Alice,2025-04-29,16:01:25,-07:00,2025-04-29T16:01:25-07:00,0,80
global.js,102,js,313249b3,Alice,2025-04-29,16:01:25,-07:00,2025-04-29T16:01:25-07:00,0,30
global.js,103,js,313249b3,Alice,2025-04-29,16:01:25,-07:00,2025-04-29T16:01:25-07:00,0,69
global.js,104,js,313249b3,Alice,2025-04-29,16:01:25,-07:00,2025-04-29T16:01:25-07:00,0,6
global.js,105,js,313249b3,Alice,2025-04-29,16:01:25,-07:00,2025-04-29T16:01:25-07:00,0,0
global.js,106,js,313249b3,Alice,2025-04-29,16:01:25,-07:00,2025-04-29T16:01:25-07:00,0,0
global.js,107,js,313249b3,Alice,2025-04-29,16:01:25,-07:00,2025-04-29T16:01:25-07:00,0,31
global.js,108,js,313249b3,Alice,2025-04-29,16:01:25,-07:00,2025-04-29T16:01:25-07:00,0,0
global.js,109,js,149506aa,Alice,2025-05-03,23:23:19,-07:00,2025-05-03T23:23:19-07:00,0,30
global.js,110,js,313249b3,Alice,2025-04-29,16:01:25,-07:00,2025-04-29T16:01:25-07:00,0,49
global.js,111,js,313249b3,Alice,2025-04-29,16:01:25,-07:00,2025-04-29T16:01:25-07:00,0,0
global.js,112,js,313249b3,Alice,2025-04-29,16:01:25,-07:00,2025-04-29T16:01:25-07:00,0,20
global.js,113,js,149506aa,Alice,2025-05-03,23:23:19,-07:00,2025-05-03T23:23:19-07:00,0,50
global.js,114,js,149506aa,Alice,2025-05-03,23:23:19,-07:00,2025-05-03T23:23:19-07:00,0,50
global.js,115,js,149506aa,Alice,2025-05-03,23:23:19,-07:00,2025-05-03T23:23:19-07:00,0,25
global.js,116,js,149506aa,Alice,2025-05-03,23:23:19,-07:00,2025-05-03T23:23:19-07:00,0,28
global.js,117,js,149506aa,Alice,2025-05-03,23:23:19,-07:00,2025-05-03T23:23:19-07:00,0,42
global.js,118,js,149506aa,Alice,2025-05-03,23:23:19,-07:00,2025-05-03T23:23:19-07:00,0,5
global.js,119,js,313249b3,Alice,2025-04-29,16:01:25,-07:00,2025-04-29T16:01:25-07:00,0,1
global.js,120,js,313249b3,Alice,2025-04-29,16:01:25,-07:00,2025-04-29T16:01:25-07:00,0,0
global.js,121,js,313249b3,Alice,2025-04-29,16:01:25,-07:00,2025-04-29T16:01:25-07:00,0,37
global.js,122,js,313249b3,Alice,2025-04-29,16:01:25,-07:00,2025-04-29T16:01:25-07:00,0,0
global.js,123,js,313249b3,Alice,2025-04-29,16:01:25,-07:00,2025-04-29T16:01:25-07:00,0,0
global.js,124,js,313249b3,Alice,2025-04-29,16:01:25,-07:00,2025-04-29T16:01:25-07:00,0,0
global.js,125,js,313249b3,Alice,2025-04-29,16:01:25,-07:00,2025-04-29T16:01:25-07:00,0,44
global.js,126,js,313249b3,Alice,2025-04-29,16:01:25,-07:00,2025-04-29T16:01:25-07:00,0,53
global.js,127,js,313249b3,Alice,2025-04-29,16:01:25,-07:00,2025-04-29T16:01:25-07:00,0,0
global.js,128,js,313249b3,Alice,2025-04-29,16:01:25,-07:00,2025-04-29T16:01:25-07:00,0,49
global.js,129,js,313249b3,Alice,2025-04-29,16:01:25,-07:00,2025-04-29T16:01:25-07:00,0,37
global.js,130,js,313249b3,Alice,2025-04-29,16:01:25,-07:00,2025-04-29T16:01:25-07:00,0,2
global.js,131,js,a2b4c284,Alice,2025-05-03,22:22:03,-07:00,2025-05-03T22:22:03-07:00,0,0
global.js,132,js,a2b4c284,Alice,2025-05-03,22:22:03,-07:00,2025-05-03T22:22:03-07:00,0,0
global.js,133,js,a2b4c284,Alice,2025-05-03,22:22:03,-07:00,2025-05-03T22:22:03-07:00,0,48
global.js,134,js,a2b4c284,Alice,2025-05-03,22:22:03,-07:00,2025-05-03T22:22:03-07:00,0,60
global.js,135,js,313249b3,Alice,2025-04-29,16:01:25,-07:00,2025-04-29T16:01:25-07:00,0,0
resume\index.html,1,html,0b1a9f81,Alice,2025-04-16,22:53:10,-07:00,2025-04-16T22:53:10-07:00,0,14
resume\index.html,2,html,0b1a9f81,Alice,2025-04-16,22:53:10,-07:00,2025-04-16T22:53:10-07:00,0,15
resume\index.html,3,html,0b1a9f81,Alice,2025-04-16,22:53:10,-07:00,2025-04-16T22:53:10-07:00,0,5
resume\index.html,4,html,0b1a9f81,Alice,2025-04-16,22:53:10,-07:00,2025-04-16T22:53:10-07:00,0,21
resume\index.html,5,html,0b1a9f81,Alice,2025-04-16,22:53:10,-07:00,2025-04-16T22:53:10-07:00,0,69
resume\index.html,6,html,74f6adad,Alice,2025-04-19,23:30:01,-07:00,2025-04-19T23:30:01-07:00,0,42
resume\index.html,7,html,0b1a9f81,Alice,2025-04-16,22:53:10,-07:00,2025-04-16T22:53:10-07:00,0,20
resume\index.html,8,html,0b1a9f81,Alice,2025-04-16,22:53:10,-07:00,2025-04-16T22:53:10-07:00,0,6
resume\index.html,9,html,0b1a9f81,Alice,2025-04-16,22:53:10,-07:00,2025-04-16T22:53:10-07:00,0,5
resume\index.html,10,html,0b1a9f81,Alice,2025-04-16,22:53:10,-07:00,2025-04-16T22:53:10-07:00,0,15
resume\index.html,11,html,0b1a9f81,Alice,2025-04-16,22:53:10,-07:00,2025-04-16T22:53:10-07:00,0,23
resume\index.html,12,html,0b1a9f81,Alice,2025-04-16,22:53:10,-07:00,2025-04-16T22:53:10-07:00,0,7
resume\index.html,13,html,0b1a9f81,Alice,2025-04-16,22:53:10,-07:00,2025-04-16T22:53:10-07:00,0,17
resume\index.html,14,html,0b1a9f81,Alice,2025-04-16,22:53:10,-07:00,2025-04-16T22:53:10-07:00,0,8
resume\index.html,15,html,0b1a9f81,Alice,2025-04-16,22:53:10,-07:00,2025-04-16T22:53:10-07:00,0,8
resume\index.html,16,html,0b1a9f81,Alice,2025-04-16,22:53:10,-07:00,2025-04-16T22:53:10-07:00,0,43
resume\index.html,17,html,0b1a9f81,Alice,2025-04-16,22:53:10,-07:00,2025-04-16T22:53:10-07:00,0,90
resume\index.html,18,html,0b1a9f81,Alice,2025-04-16,22:53:10,-07:00,2025-04-16T22:53:10-07:00,0,89
resume\index.html,19,html,0b1a9f81,Alice,2025-04-16,22:53:10,-07:00,2025-04-16T22:53:10-07:00,0,9
resume\index.html,20,html,0b1a9f81,Alice,2025-04-16,22:53:10,-07:00,2025-04-16T22:53:10-07:00,0,9
resume\index.html,21,html,0b1a9f81,Alice,2025-04-16,22:53:10,-07:00,2025-04-16T22:53:10-07:00,0,0
resume\index.html,22,html,0b1a9f81,Alice,2025-04-16,22:53:10,-07:00,2025-04-16T22:53:10-07:00,0,18
resume\index.html,23,html,0b1a9f81,Alice,2025-04-16,22:53:10,-07:00,2025-04-16T22:53:10-07:00,0,24
resume\index.html,24,html,0b1a9f81,Alice,2025-04-16,22:53:10,-07:00,2025-04-16T22:53:10-07:00,0,7
resume\index.html,25,html,0b1a9f81,Alice,2025-04-16,22:53:10,-07:00,2025-04-16T22:53:10-07:00,0,31
resume\index.html,26,html,0b1a9f81,Alice,2025-04-16,22:53:10,-07:00,2025-04-16T22:53:10-07:00,0,8
resume\index.html,27,html,0b1a9f81,Alice,2025-04-16,22:53:10,-07:00,2025-04-16T22:53:10-07:00,0,0
resume\index.html,28,html,0b1a9f81,Alice,2025-04-16,22:53:10,-07:00,2025-04-16T22:53:10-07:00,0,8
resume\index.html,29,html,0b1a9f81,Alice,2025-04-16,22:53:10,-07:00,2025-04-16T22:53:10-07:00,0,7
resume\index.html,30,html,0b1a9f81,Alice,2025-04-16,22:53:10,-07:00,2025-04-16T22:53:10-07:00,0,18
resume\index.html,31,html,0b1a9f81,Alice,2025-04-16,22:53:10,-07:00,2025-04-16T22:53:10-07:00,0,28
resume\index.html,32,html,0b1a9f81,Alice,2025-04-16,22:53:10,-07:00,2025-04-16T22:53:10-07:00,0,89
resume\index.html,33,html,0b1a9f81,Alice,2025-04-16,22:53:10,-07:00,2025-04-16T22:53:10-07:00,0,8
resume\index.html,34,html,0b1a9f81,Alice,2025-04-16,22:53:10,-07:00,2025-04-16T22:53:10-07:00,0,3
resume\index.html,35,html,0b1a9f81,Alice,2025-04-16,22:53:10,-07:00,2025-04-16T22:53:10-07:00,0,80
resume\index.html,36,html,0b1a9f81,Alice,2025-04-16,22:53:10,-07:00,2025-04-16T22:53:10-07:00,0,75
resume\index.html,37,html,0b1a9f81,Alice,2025-04-16,22:53:10,-07:00,2025-04-16T22:53:10-07:00,0,4
resume\index.html,38,html,0b1a9f81,Alice,2025-04-16,22:53:10,-07:00,2025-04-16T22:53:10-07:00,0,9
resume\index.html,39,html,0b1a9f81,Alice,2025-04-16,22:53:10,-07:00,2025-04-16T22:53:10-07:00,0,9
resume\index.html,40,html,0b1a9f81,Alice,2025-04-16,22:53:10,-07:00,2025-04-16T22:53:10-07:00,0,0
resume\index.html,41,html,0b1a9f81,Alice,2025-04-16,22:53:10,-07:00,2025-04-16T22:53:10-07:00,0,14
resume\index.html,42,html,0b1a9f81,Alice,2025-04-16,22:53:10,-07:00,2025-04-16T22:53:10-07:00,0,20
resume\index.html,43,html,0b1a9f81,Alice,2025-04-16,22:53:10,-07:00,2025-04-16T22:53:10-07:00,0,7
resume\index.html,44,html,0b1a9f81,Alice,2025-04-16,22:53:10,-07:00,2025-04-16T22:53:10-07:00,0,24
resume\index.html,45,html,0b1a9f81,Alice,2025-04-16,22:53:10,-07:00,2025-04-16T22:53:10-07:00,0,8
resume\index.html,46,html,0b1a9f81,Alice,2025-04-16,22:53:10,-07:00,2025-04-16T22:53:10-07:00,0,3
resume\index.html,47,html,0b1a9f81,Alice,2025-04-16,22:53:10,-07:00,2025-04-16T22:53:10-07:00,0,34
resume\index.html,48,html,0b1a9f81,Alice,2025-04-16,22:53:10,-07:00,2025-04-16T22:53:10-07:00,0,50
resume\index.html,49,html,0b1a9f81,Alice,2025-04-16,22:53:10,-07:00,2025-04-16T22:53:10-07:00,0,36
resume\index.html,50,html,0b1a9f81,Alice,2025-04-16,22:53:10,-07:00,2025-04-16T22:53:10-07:00,0,49
resume\index.html,51,html,0b1a9f81,Alice,2025-04-16,22:53:10,-07:00,2025-04-16T22:53:10-07:00,0,4
resume\index.html,52,html,0b1a9f81,Alice,2025-04-16,22:53:10,-07:00,2025-04-16T22:53:10-07:00,0,9
resume\index.html,53,html,b3db0f79,Alice,2025-04-20,00:10:58,-07:00,2025-04-20T00:10:58-07:00,0,49
resume\index.html,54,html,0b1a9f81,Alice,2025-04-16,22:53:10,-07:00,2025-04-16T22:53:10-07:00,0,6
resume\index.html,55,html,0b1a9f81,Alice,2025-04-16,22:53:10,-07:00,2025-04-16T22:53:10-07:00,0,6
projects\projects.js,1,js,313249b3,Alice,2025-04-29,16:01:25,-07:00,2025-04-29T16:01:25-07:00,0,56
projects\projects.js,2,js,149506aa,Alice,2025-05-03,23:23:19,-07:00,2025-05-03T23:23:19-07:00,0,64
projects\projects.js,3,js,a2b4c284,Alice,2025-05-03,22:22:03,-07:00,2025-05-03T22:22:03-07:00,0,0
projects\projects.js,4,js,149506aa,Alice,2025-05-03,23:23:19,-07:00,2025-05-03T23:23:19-07:00,0,22
projects\projects.js,5,js,149506aa,Alice,2025-05-03,23:23:19,-07:00,2025-05-03T23:23:19-07:00,0,14
projects\projects.js,6,js,149506aa,Alice,2025-05-03,23:23:19,-07:00,2025-05-03T23:23:19-07:00,0,16
projects\projects.js,7,js,149506aa,Alice,2025-05-03,23:23:19,-07:00,2025-05-03T23:23:19-07:00,0,0
projects\projects.js,8,js,149506aa,Alice,2025-05-03,23:23:19,-07:00,2025-05-03T23:23:19-07:00,0,55
projects\projects.js,9,js,a2b4c284,Alice,2025-05-03,22:22:03,-07:00,2025-05-03T22:22:03-07:00,0,53
projects\projects.js,10,js,a2b4c284,Alice,2025-05-03,22:22:03,-07:00,2025-05-03T22:22:03-07:00,0,55
projects\projects.js,11,js,149506aa,Alice,2025-05-03,23:23:19,-07:00,2025-05-03T23:23:19-07:00,0,56
projects\projects.js,12,js,149506aa,Alice,2025-05-03,23:23:19,-07:00,2025-05-03T23:23:19-07:00,0,0
projects\projects.js,13,js,149506aa,Alice,2025-05-03,23:23:19,-07:00,2025-05-03T23:23:19-07:00,0,50
projects\projects.js,14,js,149506aa,Alice,2025-05-03,23:23:19,-07:00,2025-05-03T23:23:19-07:00,0,43
projects\projects.js,15,js,149506aa,Alice,2025-05-03,23:23:19,-07:00,2025-05-03T23:23:19-07:00,0,35
projects\projects.js,16,js,149506aa,Alice,2025-05-03,23:23:19,-07:00,2025-05-03T23:23:19-07:00,0,0
projects\projects.js,17,js,149506aa,Alice,2025-05-03,23:23:19,-07:00,2025-05-03T23:23:19-07:00,0,39
projects\projects.js,18,js,149506aa,Alice,2025-05-03,23:23:19,-07:00,2025-05-03T23:23:19-07:00,0,72
projects\projects.js,19,js,149506aa,Alice,2025-05-03,23:23:19,-07:00,2025-05-03T23:23:19-07:00,0,76
projects\projects.js,20,js,149506aa,Alice,2025-05-03,23:23:19,-07:00,2025-05-03T23:23:19-07:00,0,0
projects\projects.js,21,js,149506aa,Alice,2025-05-03,23:23:19,-07:00,2025-05-03T23:23:19-07:00,0,60
projects\projects.js,22,js,149506aa,Alice,2025-05-03,23:23:19,-07:00,2025-05-03T23:23:19-07:00,0,51
projects\projects.js,23,js,149506aa,Alice,2025-05-03,23:23:19,-07:00,2025-05-03T23:23:19-07:00,0,39
projects\projects.js,24,js,149506aa,Alice,2025-05-03,23:23:19,-07:00,2025-05-03T23:23:19-07:00,0,0
projects\projects.js,25,js,149506aa,Alice,2025-05-03,23:23:19,-07:00,2025-05-03T23:23:19-07:00,0,30
projects\projects.js,26,js,149506aa,Alice,2025-05-03,23:23:19,-07:00,2025-05-03T23:23:19-07:00,0,0
projects\projects.js,27,js,149506aa,Alice,2025-05-03,23:23:19,-07:00,2025-05-03T23:23:19-07:00,0,28
projects\projects.js,28,js,149506aa,Alice,2025-05-03,23:23:19,-07:00,2025-05-03T23:23:19-07:00,0,17
projects\projects.js,29,js,149506aa,Alice,2025-05-03,23:23:19,-07:00,2025-05-03T23:23:19-07:00,0,26
projects\projects.js,30,js,149506aa,Alice,2025-05-03,23:23:19,-07:00,2025-05-03T23:23:19-07:00,0,25
projects\projects.js,31,js,149506aa,Alice,2025-05-03,23:23:19,-07:00,2025-05-03T23:23:19-07:00,0,54
projects\projects.js,32,js,149506aa,Alice,2025-05-03,23:23:19,-07:00,2025-05-03T23:23:19-07:00,0,26
projects\projects.js,33,js,149506aa,Alice,2025-05-03,23:23:19,-07:00,2025-05-03T23:23:19-07:00,0,19
projects\projects.js,34,js,149506aa,Alice,2025-05-03,23:23:19,-07:00,2025-05-03T23:23:19-07:00,0,48
projects\projects.js,35,js,149506aa,Alice,2025-05-03,23:23:19,-07:00,2025-05-03T23:23:19-07:00,0,0
projects\projects.js,36,js,149506aa,Alice,2025-05-03,23:23:19,-07:00,2025-05-03T23:23:19-07:00,0,20
projects\projects.js,37,js,149506aa,Alice,2025-05-03,23:23:19,-07:00,2025-05-03T23:23:19-07:00,0,63
projects\projects.js,38,js,149506aa,Alice,2025-05-03,23:23:19,-07:00,2025-05-03T23:23:19-07:00,0,0
projects\projects.js,39,js,149506aa,Alice,2025-05-03,23:23:19,-07:00,2025-05-03T23:23:19-07:00,0,21
projects\projects.js,40,js,149506aa,Alice,2025-05-03,23:23:19,-07:00,2025-05-03T23:23:19-07:00,0,23
projects\projects.js,41,js,149506aa,Alice,2025-05-03,23:23:19,-07:00,2025-05-03T23:23:19-07:00,0,59
projects\projects.js,42,js,149506aa,Alice,2025-05-03,23:23:19,-07:00,2025-05-03T23:23:19-07:00,0,1
projects\projects.js,43,js,149506aa,Alice,2025-05-03,23:23:19,-07:00,2025-05-03T23:23:19-07:00,0,0
projects\projects.js,44,js,149506aa,Alice,2025-05-03,23:23:19,-07:00,2025-05-03T23:23:19-07:00,0,79
projects\projects.js,45,js,149506aa,Alice,2025-05-03,23:23:19,-07:00,2025-05-03T23:23:19-07:00,0,38
projects\projects.js,46,js,149506aa,Alice,2025-05-03,23:23:19,-07:00,2025-05-03T23:23:19-07:00,0,56
projects\projects.js,47,js,149506aa,Alice,2025-05-03,23:23:19,-07:00,2025-05-03T23:23:19-07:00,0,56
projects\projects.js,48,js,149506aa,Alice,2025-05-03,23:23:19,-07:00,2025-05-03T23:23:19-07:00,0,63
projects\projects.js,49,js,149506aa,Alice,2025-05-03,23:23:19,-07:00,2025-05-03T23:23:19-07:00,0,31
projects\projects.js,50,js,149506aa,Alice,2025-05-03,23:23:19,-07:00,2025-05-03T23:23:19-07:00,0,2
projects\projects.js,51,js,149506aa,Alice,2025-05-03,23:23:19,-07:00,2025-05-03T23:23:19-07:00,0,0
projects\projects.js,52,js,149506aa,Alice,2025-05-03,23:23:19,-07:00,2025-05-03T23:23:19-07:00,0,41
projects\projects.js,53,js,149506aa,Alice,2025-05-03,23:23:19,-07:00,2025-05-03T23:23:19-07:00,0,2
projects\projects.js,54,js,149506aa,Alice,2025-05-03,23:23:19,-07:00,2025-05-03T23:23:19-07:00,0,2
projects\projects.js,55,js,149506aa,Alice,2025-05-03,23:23:19,-07:00,2025-05-03T23:23:19-07:00,0,0
projects\projects.js,56,js,149506aa,Alice,2025-05-03,23:23:19,-07:00,2025-05-03T23:23:19-07:00,0,30
projects\projects.js,57,js,149506aa,Alice,2025-05-03,23:23:19,-07:00,2025-05-03T23:23:19-07:00,0,0
projects\projects.js,58,js,149506aa,Alice,2025-05-03,23:23:19,-07:00,2025-05-03T23:23:19-07:00,0,28
projects\projects.js,59,js,149506aa,Alice,2025-05-03,23:23:19,-07:00,2025-05-03T23:23:19-07:00,0,18
projects\projects.js,60,js,149506aa,Alice,2025-05-03,23:23:19,-07:00,2025-05-03T23:23:19-07:00,0,40
projects\projects.js,61,js,149506aa,Alice,2025-05-03,23:23:19,-07:00,2025-05-03T23:23:19-07:00,0,77
projects\projects.js,62,js,149506aa,Alice,2025-05-03,23:23:19,-07:00,2025-05-03T23:23:19-07:00,0,69
projects\projects.js,63,js,149506aa,Alice,2025-05-03,23:23:19,-07:00,2025-05-03T23:23:19-07:00,0,19
projects\projects.js,64,js,149506aa,Alice,2025-05-03,23:23:19,-07:00,2025-05-03T23:23:19-07:00,0,48
projects\projects.js,65,js,149506aa,Alice,2025-05-03,23:23:19,-07:00,2025-05-03T23:23:19-07:00,0,0
projects\projects.js,66,js,149506aa,Alice,2025-05-03,23:23:19,-07:00,2025-05-03T23:23:19-07:00,0,21
projects\projects.js,67,js,149506aa,Alice,2025-05-03,23:23:19,-07:00,2025-05-03T23:23:19-07:00,0,23
projects\projects.js,68,js,149506aa,Alice,2025-05-03,23:23:19,-07:00,2025-05-03T23:23:19-07:00,0,59
projects\projects.js,69,js,149506aa,Alice,2025-05-03,23:23:19,-07:00,2025-05-03T23:23:19-07:00,0,1
projects\projects.js,70,js,149506aa,Alice,2025-05-03,23:23:19,-07:00,2025-05-03T23:23:19-07:00,0,0
projects\projects.js,71,js,149506aa,Alice,2025-05-03,23:23:19,-07:00,2025-05-03T23:23:19-07:00,0,20
projects\projects.js,72,js,149506aa,Alice,2025-05-03,23:23:19,-07:00,2025-05-03T23:23:19-07:00,0,63
projects\projects.js,73,js,149506aa,Alice,2025-05-03,23:23:19,-07:00,2025-05-03T23:23:19-07:00,0,0
projects\projects.js,74,js,149506aa,Alice,2025-05-03,23:23:19,-07:00,2025-05-03T23:23:19-07:00,0,79
projects\projects.js,75,js,149506aa,Alice,2025-05-03,23:23:19,-07:00,2025-05-03T23:23:19-07:00,0,38
projects\projects.js,76,js,149506aa,Alice,2025-05-03,23:23:19,-07:00,2025-05-03T23:23:19-07:00,0,56
projects\projects.js,77,js,149506aa,Alice,2025-05-03,23:23:19,-07:00,2025-05-03T23:23:19-07:00,0,56
projects\projects.js,78,js,149506aa,Alice,2025-05-03,23:23:19,-07:00,2025-05-03T23:23:19-07:00,0,63
projects\projects.js,79,js,149506aa,Alice,2025-05-03,23:23:19,-07:00,2025-05-03T23:23:19-07:00,0,31
projects\projects.js,80,js,149506aa,Alice,2025-05-03,23:23:19,-07:00,2025-05-03T23:23:19-07:00,0,2
projects\projects.js,81,js,149506aa,Alice,2025-05-03,23:23:19,-07:00,2025-05-03T23:23:19-07:00,0,0
projects\projects.js,82,js,149506aa,Alice,2025-05-03,23:23:19,-07:00,2025-05-03T23:23:19-07:00,0,41
projects\projects.js,83,js,149506aa,Alice,2025-05-03,23:23:19,-07:00,2025-05-03T23:23:19-07:00,0,2
projects\projects.js,84,js,149506aa,Alice,2025-05-03,23:23:19,-07:00,2025-05-03T23:23:19-07:00,0,2
projects\projects.js,85,js,149506aa,Alice,2025-05-03,23:23:19,-07:00,2025-05-03T23:23:19-07:00,0,0
projects\projects.js,86,js,149506aa,Alice,2025-05-03,23:23:19,-07:00,2025-05-03T23:23:19-07:00,0,0
projects\projects.js,87,js,149506aa,Alice,2025-05-03,23:23:19,-07:00,2025-05-03T23:23:19-07:00,0,49
projects\projects.js,88,js,149506aa,Alice,2025-05-03,23:23:19,-07:00,2025-05-03T23:23:19-07:00,0,26
projects\projects.js,89,js,149506aa,Alice,2025-05-03,23:23:19,-07:00,2025-05-03T23:23:19-07:00,0,0
projects\projects.js,90,js,149506aa,Alice,2025-05-03,23:23:19,-07:00,2025-05-03T23:23:19-07:00,0,79
projects\projects.js,91,js,149506aa,Alice,2025-05-03,23:23:19,-07:00,2025-05-03T23:23:19-07:00,0,0
projects\projects.js,92,js,149506aa,Alice,2025-05-03,23:23:19,-07:00,2025-05-03T23:23:19-07:00,0,38
projects\projects.js,93,js,149506aa,Alice,2025-05-03,23:23:19,-07:00,2025-05-03T23:23:19-07:00,0,56
projects\projects.js,94,js,149506aa,Alice,2025-05-03,23:23:19,-07:00,2025-05-03T23:23:19-07:00,0,56
projects\projects.js,95,js,149506aa,Alice,2025-05-03,23:23:19,-07:00,2025-05-03T23:23:19-07:00,0,63
projects\projects.js,96,js,149506aa,Alice,2025-05-03,23:23:19,-07:00,2025-05-03T23:23:19-07:00,0,31
projects\projects.js,97,js,149506aa,Alice,2025-05-03,23:23:19,-07:00,2025-05-03T23:23:19-07:00,0,2
projects\projects.js,98,js,149506aa,Alice,2025-05-03,23:23:19,-07:00,2025-05-03T23:23:19-07:00,0,0
projects\projects.js,99,js,149506aa,Alice,2025-05-03,23:23:19,-07:00,2025-05-03T23:23:19-07:00,0,41
projects\projects.js,100,js,149506aa,Alice,2025-05-03,23:23:19,-07:00,2025-05-03T23:23:19-07:00,0,2
projects\projects.js,101,js,313249b3,Alice,2025-04-29,16:01:25,-07:00,2025-04-29T16:01:25-07:00,0,0
projects\projects.js,102,js,313249b3,Alice,2025-04-29,16:01:25,-07:00,2025-04-29T16:01:25-07:00,0,26
projects\projects.js,103,js,313249b3,Alice,2025-04-29,16:01:25,-07:00,2025-04-29T16:01:25-07:00,0,41
projects\projects.js,104,js,149506aa,Alice,2025-05-03,23:23:19,-07:00,2025-05-03T23:23:19-07:00,0,24
projects\projects.js,105,js,149506aa,Alice,2025-05-03,23:23:19,-07:00,2025-05-03T23:23:19-07:00,0,62
projects\projects.js,106,js,313249b3,Alice,2025-04-29,16:01:25,-07:00,2025-04-29T16:01:25-07:00,0,7
projects\projects.js,107,js,313249b3,Alice,2025-04-29,16:01:25,-07:00,2025-04-29T16:01:25-07:00,0,68
projects\projects.js,108,js,149506aa,Alice,2025-05-03,23:23:19,-07:00,2025-05-03T23:23:19-07:00,0,45
projects\projects.js,109,js,149506aa,Alice,2025-05-03,23:23:19,-07:00,2025-05-03T23:23:19-07:00,0,0
projects\index.html,1,html,0b1a9f81,Alice,2025-04-16,22:53:10,-07:00,2025-04-16T22:53:10-07:00,0,14
projects\index.html,2,html,0b1a9f81,Alice,2025-04-16,22:53:10,-07:00,2025-04-16T22:53:10-07:00,0,15
projects\index.html,3,html,0b1a9f81,Alice,2025-04-16,22:53:10,-07:00,2025-04-16T22:53:10-07:00,0,5
projects\index.html,4,html,0b1a9f81,Alice,2025-04-16,22:53:10,-07:00,2025-04-16T22:53:10-07:00,0,21
projects\index.html,5,html,0b1a9f81,Alice,2025-04-16,22:53:10,-07:00,2025-04-16T22:53:10-07:00,0,69
projects\index.html,6,html,74f6adad,Alice,2025-04-19,23:30:01,-07:00,2025-04-19T23:30:01-07:00,0,42
projects\index.html,7,html,0b1a9f81,Alice,2025-04-16,22:53:10,-07:00,2025-04-16T22:53:10-07:00,0,22
projects\index.html,8,html,0b1a9f81,Alice,2025-04-16,22:53:10,-07:00,2025-04-16T22:53:10-07:00,0,6
projects\index.html,9,html,0b1a9f81,Alice,2025-04-16,22:53:10,-07:00,2025-04-16T22:53:10-07:00,0,5
projects\index.html,10,html,313249b3,Alice,2025-04-29,16:01:25,-07:00,2025-04-29T16:01:25-07:00,0,39
projects\index.html,11,html,149506aa,Alice,2025-05-03,23:23:19,-07:00,2025-05-03T23:23:19-07:00,0,28
projects\index.html,12,html,149506aa,Alice,2025-05-03,23:23:19,-07:00,2025-05-03T23:23:19-07:00,0,59
projects\index.html,13,html,149506aa,Alice,2025-05-03,23:23:19,-07:00,2025-05-03T23:23:19-07:00,0,23
projects\index.html,14,html,149506aa,Alice,2025-05-03,23:23:19,-07:00,2025-05-03T23:23:19-07:00,0,5
projects\index.html,15,html,149506aa,Alice,2025-05-03,23:23:19,-07:00,2025-05-03T23:23:19-07:00,0,0
projects\index.html,16,html,149506aa,Alice,2025-05-03,23:23:19,-07:00,2025-05-03T23:23:19-07:00,0,5
projects\index.html,17,html,149506aa,Alice,2025-05-03,23:23:19,-07:00,2025-05-03T23:23:19-07:00,0,16
projects\index.html,18,html,149506aa,Alice,2025-05-03,23:23:19,-07:00,2025-05-03T23:23:19-07:00,0,12
projects\index.html,19,html,149506aa,Alice,2025-05-03,23:23:19,-07:00,2025-05-03T23:23:19-07:00,0,27
projects\index.html,20,html,149506aa,Alice,2025-05-03,23:23:19,-07:00,2025-05-03T23:23:19-07:00,0,32
projects\index.html,21,html,149506aa,Alice,2025-05-03,23:23:19,-07:00,2025-05-03T23:23:19-07:00,0,1
projects\index.html,22,html,313249b3,Alice,2025-04-29,16:01:25,-07:00,2025-04-29T16:01:25-07:00,0,0
projects\index.html,23,html,313249b3,Alice,2025-04-29,16:01:25,-07:00,2025-04-29T16:01:25-07:00,0,27
projects\index.html,24,html,74f6adad,Alice,2025-04-19,23:30:01,-07:00,2025-04-19T23:30:01-07:00,0,0
projects\index.html,25,html,b3db0f79,Alice,2025-04-20,00:10:58,-07:00,2025-04-20T00:10:58-07:00,0,49
projects\index.html,26,html,313249b3,Alice,2025-04-29,16:01:25,-07:00,2025-04-29T16:01:25-07:00,0,48
projects\index.html,27,html,0b1a9f81,Alice,2025-04-16,22:53:10,-07:00,2025-04-16T22:53:10-07:00,0,6
projects\index.html,28,html,0b1a9f81,Alice,2025-04-16,22:53:10,-07:00,2025-04-16T22:53:10-07:00,0,6
contact\index.html,1,html,0b1a9f81,Alice,2025-04-16,22:53:10,-07:00,2025-04-16T22:53:10-07:00,0,14
contact\index.html,2,html,0b1a9f81,Alice,2025-04-16,22:53:10,-07:00,2025-04-16T22:53:10-07:00,0,15
contact\index.html,3,html,0b1a9f81,Alice,2025-04-16,22:53:10,-07:00,2025-04-16T22:53:10-07:00,0,5
contact\index.html,4,html,0b1a9f81,Alice,2025-04-16,22:53:10,-07:00,2025-04-16T22:53:10-07:00,0,21
contact\index.html,5,html,0b1a9f81,Alice,2025-04-16,22:53:10,-07:00,2025-04-16T22:53:10-07:00,0,69
contact\index.html,6,html,74f6adad,Alice,2025-04-19,23:30:01,-07:00,2025-04-19T23:30:01-07:00,0,42
contact\index.html,7,html,0b1a9f81,Alice,2025-04-16,22:53:10,-07:00,2025-04-16T22:53:10-07:00,0,21
contact\index.html,8,html,0b1a9f81,Alice,2025-04-16,22:53:10,-07:00,2025-04-16T22:53:10-07:00,0,6
contact\index.html,9,html,0b1a9f81,Alice,2025-04-16,22:53:10,-07:00,2025-04-16T22:53:10-07:00,0,5
contact\index.html,10,html,cdbcbc4b,Alice,2025-04-29,04:28:38,-07:00,2025-04-29T04:28:38-07:00,0,15
contact\index.html,11,html,0b1a9f81,Alice,2025-04-16,22:53:10,-07:00,2025-04-16T22:53:10-07:00,0,0
contact\index.html,12,html,cdbcbc4b,Alice,2025-04-29,04:28:38,-07:00,2025-04-29T04:28:38-07:00,0,60
contact\index.html,13,html,0b1a9f81,Alice,2025-04-16,22:53:10,-07:00,2025-04-16T22:53:10-07:00,0,6
contact\index.html,14,html,0b1a9f81,Alice,2025-04-16,22:53:10,-07:00,2025-04-16T22:53:10-07:00,0,7
contact\index.html,15,html,cdbcbc4b,Alice,2025-04-29,04:28:38,-07:00,2025-04-29T04:28:38-07:00,0,32
contact\index.html,16,html,0b1a9f81,Alice,2025-04-16,22:53:10,-07:00,2025-04-16T22:53:10-07:00,0,7
contact\index.html,17,html,cdbcbc4b,Alice,2025-04-29,04:28:38,-07:00,2025-04-29T04:28:38-07:00,0,5
contact\index.html,18,html,0b1a9f81,Alice,2025-04-16,22:53:10,-07:00,2025-04-16T22:53:10-07:00,0,0
contact\index.html,19,html,0b1a9f81,Alice,2025-04-16,22:53:10,-07:00,2025-04-16T22:53:10-07:00,0,6
contact\index.html,20,html,0b1a9f81,Alice,2025-04-16,22:53:10,-07:00,2025-04-16T22:53:10-07:00,0,7
contact\index.html,21,html,cdbcbc4b,Alice,2025-04-29,04:28:38,-07:00,2025-04-29T04:28:38-07:00,0,50
contact\index.html,22,html,0b1a9f81,Alice,2025-04-16,22:53:10,-07:00,2025-04-16T22:53:10-07:00,0,7
contact\index.html,23,html,cdbcbc4b,Alice,2025-04-29,04:28:38,-07:00,2025-04-29T04:28:38-07:00,0,5
contact\index.html,24,html,0b1a9f81,Alice,2025-04-16,22:53:10,-07:00,2025-04-16T22:53:10-07:00,0,0
contact\index.html,25,html,cdbcbc4b,Alice,2025-04-29,04:28:38,-07:00,2025-04-29T04:28:38-07:00,0,34
contact\index.html,26,html,0b1a9f81,Alice,2025-04-16,22:53:10,-07:00,2025-04-16T22:53:10-07:00,0,6
contact\index.html,27,html,cdbcbc4b,Alice,2025-04-29,04:28:38,-07:00,2025-04-29T04:28:38-07:00,0,0
contact\index.html,28,html,b3db0f79,Alice,2025-04-20,00:10:58,-07:00,2025-04-20T00:10:58-07:00,0,49
contact\index.html,29,html,0b1a9f81,Alice,2025-04-16,22:53:10,-07:00,2025-04-16T22:53:10-07:00,0,6
contact\index.html,30,html,0b1a9f81,Alice,2025-04-16,22:53:10,-07:00,2025-04-16T22:53:10-07:00,0,6
